Episode,Reward,AnotherMetric
Episode,Reward,AnotherMetric
Episode,Reward,AnotherMetric
Episode,Reward,AnotherMetric
Episode,Reward,AnotherMetric
Episode,Reward,AnotherMetric
Episode,Reward,AnotherMetric
Episode,Reward,AnotherMetric
Episode,Reward,AnotherMetric
Episode,Reward,AnotherMetric
Episode,Reward,AnotherMetric
Episode,Reward,AnotherMetric
Episode,Reward,AnotherMetric
Episode,Reward,AnotherMetric
Episode,Reward,AnotherMetric
Episode,Reward,AnotherMetric
Episode,Reward,AnotherMetric
Episode,Reward,AnotherMetric
Episode,Reward,AnotherMetric
Episode,Reward,AnotherMetric
Episode,Reward,AnotherMetric
Episode,Reward,AnotherMetric
Episode,Reward,AnotherMetric
Episode,Reward,AnotherMetric
Episode,Reward,AnotherMetric
Episode,Reward,AnotherMetric
Episode,Reward,AnotherMetric
Episode,Reward,AnotherMetric
Episode,Reward,AnotherMetric
Episode,Reward,AnotherMetric
Episode,Reward,AnotherMetric
Episode,Reward,AnotherMetric
Episode,Reward,AnotherMetric
Episode,Reward,AnotherMetric
Episode,Reward,AnotherMetric
Episode,Reward,AnotherMetric
Episode,Reward,AnotherMetric
Episode,Reward,AnotherMetric
Episode,Reward,AnotherMetric
Episode,Reward,AnotherMetric
Episode,Reward,AnotherMetric
Episode,Reward,AnotherMetric
Episode,Reward,AnotherMetric
Episode,Reward,AnotherMetric
Episode,Reward,AnotherMetric
Episode,Reward,AnotherMetric
Episode,Reward,AnotherMetric
Episode,Reward,AnotherMetric
Episode,Reward,AnotherMetric
Episode,Reward,AnotherMetric
Episode,Reward,AnotherMetric
Episode,Reward,AnotherMetric
Episode,Reward,AnotherMetric
Episode,Reward,AnotherMetric
Episode,Reward,AnotherMetric
Episode,Reward,AnotherMetric
Episode,Reward,AnotherMetric
Episode,Reward,AnotherMetric
Episode,Reward,AnotherMetric
Episode,Reward,AnotherMetric
Episode,Reward,AnotherMetric
Episode,Reward,AnotherMetric
Episode,Reward,AnotherMetric
Episode,Reward,AnotherMetric
Episode,Reward,AnotherMetric
Episode,Reward,AnotherMetric
Episode,Reward,AnotherMetric
Episode,Reward,AnotherMetric
Episode,Reward,AnotherMetric
Episode,Reward,AnotherMetric
Episode,Reward,AnotherMetric
Episode,Reward,AnotherMetric
